<?xml version="1.0"?>
<instance entity-name="altera_pll" version="22.1" >
<generic name="debug_print_output" value="false" />
<generic name="debug_use_rbc_taf_method" value="false" />
<generic name="device_family" value="Cyclone V" />
<generic name="device" value="5CEBA2F17A7" />
<generic name="gui_device_speed_grade" value="2" />
<generic name="gui_pll_mode" value="Integer-N PLL" />
<generic name="gui_reference_clock_frequency" value="50.0" />
<generic name="gui_channel_spacing" value="0.0" />
<generic name="gui_operation_mode" value="normal" />
<generic name="gui_feedback_clock" value="Global Clock" />
<generic name="gui_fractional_cout" value="32" />
<generic name="gui_dsm_out_sel" value="1st_order" />
<generic name="gui_use_locked" value="true" />
<generic name="gui_en_adv_params" value="false" />
<generic name="gui_number_of_clocks" value="1" />
<generic name="gui_multiply_factor" value="1" />
<generic name="gui_frac_multiply_factor" value="1" />
<generic name="gui_divide_factor_n" value="1" />
<generic name="gui_cascade_counter0" value="false" />
<generic name="gui_output_clock_frequency0" value="27.0" />
<generic name="gui_divide_factor_c0" value="1" />
<generic name="gui_actual_output_clock_frequency0" value="0 MHz" />
<generic name="gui_ps_units0" value="ps" />
<generic name="gui_phase_shift0" value="0" />
<generic name="gui_phase_shift_deg0" value="0.0" />
<generic name="gui_actual_phase_shift0" value="0" />
<generic name="gui_duty_cycle0" value="50" />
<generic name="gui_cascade_counter1" value="false" />
<generic name="gui_output_clock_frequency1" value="100.0" />
<generic name="gui_divide_factor_c1" value="1" />
<generic name="gui_actual_output_clock_frequency1" value="0 MHz" />
<generic name="gui_ps_units1" value="ps" />
<generic name="gui_phase_shift1" value="0" />
<generic name="gui_phase_shift_deg1" value="0.0" />
<generic name="gui_actual_phase_shift1" value="0" />
<generic name="gui_duty_cycle1" value="50" />
<generic name="gui_cascade_counter2" value="false" />
<generic name="gui_output_clock_frequency2" value="100.0" />
<generic name="gui_divide_factor_c2" value="1" />
<generic name="gui_actual_output_clock_frequency2" value="0 MHz" />
<generic name="gui_ps_units2" value="ps" />
<generic name="gui_phase_shift2" value="0" />
<generic name="gui_phase_shift_deg2" value="0.0" />
<generic name="gui_actual_phase_shift2" value="0" />
<generic name="gui_duty_cycle2" value="50" />
<generic name="gui_cascade_counter3" value="false" />
<generic name="gui_output_clock_frequency3" value="100.0" />
<generic name="gui_divide_factor_c3" value="1" />
<generic name="gui_actual_output_clock_frequency3" value="0 MHz" />
<generic name="gui_ps_units3" value="ps" />
<generic name="gui_phase_shift3" value="0" />
<generic name="gui_phase_shift_deg3" value="0.0" />
<generic name="gui_actual_phase_shift3" value="0" />
<generic name="gui_duty_cycle3" value="50" />
<generic name="gui_cascade_counter4" value="false" />
<generic name="gui_output_clock_frequency4" value="100.0" />
<generic name="gui_divide_factor_c4" value="1" />
<generic name="gui_actual_output_clock_frequency4" value="0 MHz" />
<generic name="gui_ps_units4" value="ps" />
<generic name="gui_phase_shift4" value="0" />
<generic name="gui_phase_shift_deg4" value="0.0" />
<generic name="gui_actual_phase_shift4" value="0" />
<generic name="gui_duty_cycle4" value="50" />
<generic name="gui_cascade_counter5" value="false" />
<generic name="gui_output_clock_frequency5" value="100.0" />
<generic name="gui_divide_factor_c5" value="1" />
<generic name="gui_actual_output_clock_frequency5" value="0 MHz" />
<generic name="gui_ps_units5" value="ps" />
<generic name="gui_phase_shift5" value="0" />
<generic name="gui_phase_shift_deg5" value="0.0" />
<generic name="gui_actual_phase_shift5" value="0" />
<generic name="gui_duty_cycle5" value="50" />
<generic name="gui_cascade_counter6" value="false" />
<generic name="gui_output_clock_frequency6" value="100.0" />
<generic name="gui_divide_factor_c6" value="1" />
<generic name="gui_actual_output_clock_frequency6" value="0 MHz" />
<generic name="gui_ps_units6" value="ps" />
<generic name="gui_phase_shift6" value="0" />
<generic name="gui_phase_shift_deg6" value="0.0" />
<generic name="gui_actual_phase_shift6" value="0" />
<generic name="gui_duty_cycle6" value="50" />
<generic name="gui_cascade_counter7" value="false" />
<generic name="gui_output_clock_frequency7" value="100.0" />
<generic name="gui_divide_factor_c7" value="1" />
<generic name="gui_actual_output_clock_frequency7" value="0 MHz" />
<generic name="gui_ps_units7" value="ps" />
<generic name="gui_phase_shift7" value="0" />
<generic name="gui_phase_shift_deg7" value="0.0" />
<generic name="gui_actual_phase_shift7" value="0" />
<generic name="gui_duty_cycle7" value="50" />
<generic name="gui_cascade_counter8" value="false" />
<generic name="gui_output_clock_frequency8" value="100.0" />
<generic name="gui_divide_factor_c8" value="1" />
<generic name="gui_actual_output_clock_frequency8" value="0 MHz" />
<generic name="gui_ps_units8" value="ps" />
<generic name="gui_phase_shift8" value="0" />
<generic name="gui_phase_shift_deg8" value="0.0" />
<generic name="gui_actual_phase_shift8" value="0" />
<generic name="gui_duty_cycle8" value="50" />
<generic name="gui_cascade_counter9" value="false" />
<generic name="gui_output_clock_frequency9" value="100.0" />
<generic name="gui_divide_factor_c9" value="1" />
<generic name="gui_actual_output_clock_frequency9" value="0 MHz" />
<generic name="gui_ps_units9" value="ps" />
<generic name="gui_phase_shift9" value="0" />
<generic name="gui_phase_shift_deg9" value="0.0" />
<generic name="gui_actual_phase_shift9" value="0" />
<generic name="gui_duty_cycle9" value="50" />
<generic name="gui_cascade_counter10" value="false" />
<generic name="gui_output_clock_frequency10" value="100.0" />
<generic name="gui_divide_factor_c10" value="1" />
<generic name="gui_actual_output_clock_frequency10" value="0 MHz" />
<generic name="gui_ps_units10" value="ps" />
<generic name="gui_phase_shift10" value="0" />
<generic name="gui_phase_shift_deg10" value="0.0" />
<generic name="gui_actual_phase_shift10" value="0" />
<generic name="gui_duty_cycle10" value="50" />
<generic name="gui_cascade_counter11" value="false" />
<generic name="gui_output_clock_frequency11" value="100.0" />
<generic name="gui_divide_factor_c11" value="1" />
<generic name="gui_actual_output_clock_frequency11" value="0 MHz" />
<generic name="gui_ps_units11" value="ps" />
<generic name="gui_phase_shift11" value="0" />
<generic name="gui_phase_shift_deg11" value="0.0" />
<generic name="gui_actual_phase_shift11" value="0" />
<generic name="gui_duty_cycle11" value="50" />
<generic name="gui_cascade_counter12" value="false" />
<generic name="gui_output_clock_frequency12" value="100.0" />
<generic name="gui_divide_factor_c12" value="1" />
<generic name="gui_actual_output_clock_frequency12" value="0 MHz" />
<generic name="gui_ps_units12" value="ps" />
<generic name="gui_phase_shift12" value="0" />
<generic name="gui_phase_shift_deg12" value="0.0" />
<generic name="gui_actual_phase_shift12" value="0" />
<generic name="gui_duty_cycle12" value="50" />
<generic name="gui_cascade_counter13" value="false" />
<generic name="gui_output_clock_frequency13" value="100.0" />
<generic name="gui_divide_factor_c13" value="1" />
<generic name="gui_actual_output_clock_frequency13" value="0 MHz" />
<generic name="gui_ps_units13" value="ps" />
<generic name="gui_phase_shift13" value="0" />
<generic name="gui_phase_shift_deg13" value="0.0" />
<generic name="gui_actual_phase_shift13" value="0" />
<generic name="gui_duty_cycle13" value="50" />
<generic name="gui_cascade_counter14" value="false" />
<generic name="gui_output_clock_frequency14" value="100.0" />
<generic name="gui_divide_factor_c14" value="1" />
<generic name="gui_actual_output_clock_frequency14" value="0 MHz" />
<generic name="gui_ps_units14" value="ps" />
<generic name="gui_phase_shift14" value="0" />
<generic name="gui_phase_shift_deg14" value="0.0" />
<generic name="gui_actual_phase_shift14" value="0" />
<generic name="gui_duty_cycle14" value="50" />
<generic name="gui_cascade_counter15" value="false" />
<generic name="gui_output_clock_frequency15" value="100.0" />
<generic name="gui_divide_factor_c15" value="1" />
<generic name="gui_actual_output_clock_frequency15" value="0 MHz" />
<generic name="gui_ps_units15" value="ps" />
<generic name="gui_phase_shift15" value="0" />
<generic name="gui_phase_shift_deg15" value="0.0" />
<generic name="gui_actual_phase_shift15" value="0" />
<generic name="gui_duty_cycle15" value="50" />
<generic name="gui_cascade_counter16" value="false" />
<generic name="gui_output_clock_frequency16" value="100.0" />
<generic name="gui_divide_factor_c16" value="1" />
<generic name="gui_actual_output_clock_frequency16" value="0 MHz" />
<generic name="gui_ps_units16" value="ps" />
<generic name="gui_phase_shift16" value="0" />
<generic name="gui_phase_shift_deg16" value="0.0" />
<generic name="gui_actual_phase_shift16" value="0" />
<generic name="gui_duty_cycle16" value="50" />
<generic name="gui_cascade_counter17" value="false" />
<generic name="gui_output_clock_frequency17" value="100.0" />
<generic name="gui_divide_factor_c17" value="1" />
<generic name="gui_actual_output_clock_frequency17" value="0 MHz" />
<generic name="gui_ps_units17" value="ps" />
<generic name="gui_phase_shift17" value="0" />
<generic name="gui_phase_shift_deg17" value="0.0" />
<generic name="gui_actual_phase_shift17" value="0" />
<generic name="gui_duty_cycle17" value="50" />
<generic name="gui_pll_auto_reset" value="Off" />
<generic name="gui_pll_bandwidth_preset" value="Auto" />
<generic name="gui_en_reconf" value="false" />
<generic name="gui_en_dps_ports" value="false" />
<generic name="gui_en_phout_ports" value="false" />
<generic name="gui_phout_division" value="1" />
<generic name="gui_mif_generate" value="false" />
<generic name="gui_enable_mif_dps" value="false" />
<generic name="gui_dps_cntr" value="C0" />
<generic name="gui_dps_num" value="1" />
<generic name="gui_dps_dir" value="Positive" />
<generic name="gui_refclk_switch" value="false" />
<generic name="gui_refclk1_frequency" value="100.0" />
<generic name="gui_switchover_mode" value="Automatic Switchover" />
<generic name="gui_switchover_delay" value="0" />
<generic name="gui_active_clk" value="false" />
<generic name="gui_clk_bad" value="false" />
<generic name="gui_enable_cascade_out" value="false" />
<generic name="gui_cascade_outclk_index" value="0" />
<generic name="gui_enable_cascade_in" value="false" />
<generic name="gui_pll_cascading_mode" value="Create an adjpllin signal to connect with an upstream PLL" />
</instance>
